,Subscription Code,Flow Rate (l/s),Number of Negative Flows,Percentage of Negative Flows,Operating Hours (h),Consumption (m³),Number of Available Data Points,تعداد مورد انتظار,درصد اطلاعات موجود,month
70,514711,,0,0.0,,,0,31,0.0,1401/01
71,514711,18.7,0,0.0,5539.3,52896.02,31,31,100.0,1401/01
101,514702,24.41,0,0.0,45711.4,36801.9,31,31,100.0,1401/01
113,222222,,0,0.0,,0.0,31,31,100.0,1401/01
150,چاه شماره 13,,0,0.0,,,0,31,0.0,1401/01
181,زندان مرکزی,2.57,0,0.0,283.4,266.515,31,31,100.0,1401/01
182,زندان مرکزی,,0,0.0,,,0,31,0.0,1401/01
224,چاه شماره 13,,0,0.0,,,0,31,0.0,1401/01
727,517048,14.39,0,0.0,43875.1,10594.9,31,31,100.0,1401/01
728,517048,,0,0.0,,,0,31,0.0,1401/01
736,222222,,0,0.0,,,0,31,0.0,1401/01
799,517227,16.07,0,0.0,3712.6,13343.36,31,31,100.0,1401/01
800,517227,16.9,0,0.0,2656.0,13319.87,31,31,100.0,1401/01
867,111111,6.32,0,0.0,915.7,268.31,31,31,100.0,1401/01
869,111111,8.08,0,0.0,67666.7,10846.6,31,31,100.0,1401/01
870,111111,7.43,0,0.0,122179.0,15459.0,31,31,100.0,1401/01
871,111111,3.05,0,0.0,68675.2,4959.32,31,31,100.0,1401/01
872,111111,3.05,0,0.0,53752.1,5091.54,31,31,100.0,1401/01
873,111111,0.57,0,0.0,2.7,8.082,31,31,100.0,1401/01
1025,541280,,0,0.0,,,0,31,0.0,1401/01
1026,541280,,0,0.0,,,0,31,0.0,1401/01
1070,516377,,0,0.0,,,0,31,0.0,1401/01
1102,516377,,0,0.0,,0.0,31,31,100.0,1401/01
1260,529179,23.6,0,0.0,920.9,78446.27,31,31,100.0,1401/01
1648,514564,,0,0.0,,,0,31,0.0,1401/01
1737,111111,,0,0.0,,,0,31,0.0,1401/01
1755,514564,6.96,15,48.39,569808.0,4081921.1,31,31,100.0,1401/01
2094,514702,,0,0.0,,,0,31,0.0,1401/01
2134,529179,,0,0.0,,,0,31,0.0,1401/01
2288,514711,,0,0.0,,,0,31,0.0,1401/02
2289,514711,19.35,0,0.0,26631.1,25085.16,31,31,100.0,1401/02
2319,514702,,0,0.0,3222.5,8867.9,12,31,38.71,1401/02
2331,222222,,0,0.0,,0.0,31,31,100.0,1401/02
2368,چاه شماره 13,,0,0.0,,,0,31,0.0,1401/02
2399,زندان مرکزی,2.22,0,0.0,182.4,48.877,11,31,35.48,1401/02
2400,زندان مرکزی,,0,0.0,,,0,31,0.0,1401/02
2442,چاه شماره 13,,0,0.0,,,0,31,0.0,1401/02
2945,517048,14.21,0,0.0,51726.0,10821.8,31,31,100.0,1401/02
2946,517048,,0,0.0,,,0,31,0.0,1401/02
2954,222222,,0,0.0,,0.0,1,31,3.23,1401/02
3017,517227,16.34,0,0.0,3130.6,10383.64,31,31,100.0,1401/02
3018,517227,16.26,0,0.0,15799.7,10355.02,31,31,100.0,1401/02
3085,111111,6.59,0,0.0,587.3,317.429,31,31,100.0,1401/02
3087,111111,8.92,0,0.0,81256.8,14071.3,31,31,100.0,1401/02
3088,111111,8.1,0,0.0,164675.1,16845.7,31,31,100.0,1401/02
3089,111111,2.95,0,0.0,111902.4,4884.15,31,31,100.0,1401/02
3090,111111,2.84,0,0.0,89785.7,5434.76,31,31,100.0,1401/02
3091,111111,0.62,0,0.0,5986.3,18.205,31,31,100.0,1401/02
3243,541280,,0,0.0,,,0,31,0.0,1401/02
3244,541280,,0,0.0,,,0,31,0.0,1401/02
3288,516377,,0,0.0,,,0,31,0.0,1401/02
3320,516377,,0,0.0,,0.0,31,31,100.0,1401/02
3478,529179,23.01,0,0.0,4344.9,23644.23,31,31,100.0,1401/02
3866,514564,,0,0.0,,,0,31,0.0,1401/02
3955,111111,,0,0.0,,,0,31,0.0,1401/02
3973,514564,9.8,1,3.23,510631.8,356859.8,15,31,48.39,1401/02
4312,514702,,0,0.0,,,0,31,0.0,1401/02
4352,529179,,0,0.0,,,0,31,0.0,1401/02
4506,514711,,0,0.0,,,0,31,0.0,1401/03
4507,514711,18.32,1,3.23,13121.3,16617.65,31,31,100.0,1401/03
4537,514702,,0,0.0,473.8,19477.36,31,31,100.0,1401/03
4549,222222,,0,0.0,,0.0,31,31,100.0,1401/03
4586,چاه شماره 13,,0,0.0,,,0,31,0.0,1401/03
4617,زندان مرکزی,1.79,0,0.0,1206.6,110.417,31,31,100.0,1401/03
4618,زندان مرکزی,,0,0.0,,,0,31,0.0,1401/03
4660,چاه شماره 13,,0,0.0,,,0,31,0.0,1401/03
5163,517048,14.0,0,0.0,65557.6,14669.0,31,31,100.0,1401/03
5164,517048,,0,0.0,,,0,31,0.0,1401/03
5172,222222,4.78,0,0.0,149.5,3075.988,8,31,25.81,1401/03
5235,517227,16.55,0,0.0,3520.7,22704.33,31,31,100.0,1401/03
5236,517227,16.56,0,0.0,4227.9,22752.8,31,31,100.0,1401/03
5303,111111,6.41,0,0.0,3182.6,327.816,31,31,100.0,1401/03
5305,111111,8.3,0,0.0,100399.9,13228.5,31,31,100.0,1401/03
5306,111111,9.01,0,0.0,173795.5,18306.9,31,31,100.0,1401/03
5307,111111,,0,0.0,0.0,199360.73,31,31,100.0,1401/03
5308,111111,3.04,0,0.0,111688.3,6405.9,31,31,100.0,1401/03
5309,111111,0.44,0,0.0,5677.8,135.055,31,31,100.0,1401/03
5461,541280,,0,0.0,,,0,31,0.0,1401/03
5462,541280,,0,0.0,,,0,31,0.0,1401/03
5506,516377,,0,0.0,,,0,31,0.0,1401/03
5538,516377,,0,0.0,,0.0,31,31,100.0,1401/03
5696,529179,22.34,0,0.0,9174.9,47924.7,31,31,100.0,1401/03
6084,514564,,0,0.0,,,0,31,0.0,1401/03
6173,111111,,0,0.0,,,0,31,0.0,1401/03
6191,514564,12.6,0,0.0,18354.7,33246.6,31,31,100.0,1401/03
6530,514702,,0,0.0,,,0,31,0.0,1401/03
6570,529179,,0,0.0,,,0,31,0.0,1401/03
6724,514711,,0,0.0,,,0,31,0.0,1401/04
6725,514711,18.84,0,0.0,8873.8,47079.97,31,31,100.0,1401/04
6755,514702,,0,0.0,,,25,31,80.65,1401/04
6767,222222,,0,0.0,,0.0,31,31,100.0,1401/04
6804,چاه شماره 13,,0,0.0,,,0,31,0.0,1401/04
6835,زندان مرکزی,2.52,0,0.0,1025.0,210.507,31,31,100.0,1401/04
6836,زندان مرکزی,,0,0.0,,,0,31,0.0,1401/04
6878,چاه شماره 13,,0,0.0,,,0,31,0.0,1401/04
7381,517048,13.86,0,0.0,54847.4,18387.6,31,31,100.0,1401/04
7382,517048,,0,0.0,,,0,31,0.0,1401/04
7390,222222,4.55,0,0.0,6429.7,12173.712,31,31,100.0,1401/04
7453,517227,15.82,0,0.0,9972.6,30146.87,31,31,100.0,1401/04
7454,517227,16.03,0,0.0,6419.7,30088.8,31,31,100.0,1401/04
7521,111111,6.52,0,0.0,1150.4,320.878,31,31,100.0,1401/04
7523,111111,8.66,0,0.0,95877.7,14023.5,31,31,100.0,1401/04
7524,111111,9.94,0,0.0,146534.3,23455.2,31,31,100.0,1401/04
7525,111111,,0,0.0,0.0,-1567.0,31,31,100.0,1401/04
7526,111111,3.09,0,0.0,67932.2,6336.46,31,31,100.0,1401/04
7527,111111,0.9,0,0.0,27070.0,1341.484,31,31,100.0,1401/04
7679,541280,,0,0.0,,,0,31,0.0,1401/04
7680,541280,,0,0.0,,,0,31,0.0,1401/04
7724,516377,,0,0.0,,,0,31,0.0,1401/04
7756,516377,,0,0.0,,0.0,31,31,100.0,1401/04
7914,529179,22.38,0,0.0,24984.1,56109.6,31,31,100.0,1401/04
8302,514564,,0,0.0,,,0,31,0.0,1401/04
8391,111111,,0,0.0,,,0,31,0.0,1401/04
8409,514564,12.28,0,0.0,39069.3,29552.8,31,31,100.0,1401/04
8748,514702,,0,0.0,,,0,31,0.0,1401/04
8788,529179,,0,0.0,,,0,31,0.0,1401/04
8942,514711,,0,0.0,,,0,31,0.0,1401/05
8943,514711,18.39,0,0.0,13256.2,46030.0,31,31,100.0,1401/05
8973,514702,,0,0.0,,,0,31,0.0,1401/05
8985,222222,,0,0.0,,0.0,31,31,100.0,1401/05
9022,چاه شماره 13,,0,0.0,,,0,31,0.0,1401/05
9053,زندان مرکزی,1.84,0,0.0,665.7,31.504,31,31,100.0,1401/05
9054,زندان مرکزی,,0,0.0,,,0,31,0.0,1401/05
9096,چاه شماره 13,,0,0.0,,,0,31,0.0,1401/05
9599,517048,13.81,0,0.0,63537.4,18659.9,31,31,100.0,1401/05
9600,517048,,0,0.0,,,0,31,0.0,1401/05
9608,222222,4.7,0,0.0,12683.8,12552.71,31,31,100.0,1401/05
9671,517227,15.73,0,0.0,16551.3,30562.6,31,31,100.0,1401/05
9672,517227,15.73,0,0.0,15192.9,30485.14,31,31,100.0,1401/05
9739,111111,6.69,0,0.0,485.2,279.705,31,31,100.0,1401/05
9741,111111,8.67,0,0.0,96186.6,13303.2,31,31,100.0,1401/05
9742,111111,9.13,0,0.0,173452.7,20606.9,31,31,100.0,1401/05
9743,111111,,0,0.0,0.0,-1567.0,31,31,100.0,1401/05
9744,111111,3.16,0,0.0,86802.4,6535.98,31,31,100.0,1401/05
9745,111111,0.38,0,0.0,9693.0,42.358,31,31,100.0,1401/05
9897,541280,,0,0.0,,,0,31,0.0,1401/05
9898,541280,,0,0.0,,,0,31,0.0,1401/05
9942,516377,,0,0.0,,,0,31,0.0,1401/05
9974,516377,,0,0.0,,0.0,31,31,100.0,1401/05
10132,529179,22.54,0,0.0,32682.9,56424.6,31,31,100.0,1401/05
10520,514564,,0,0.0,,,0,31,0.0,1401/05
10609,111111,,0,0.0,,,0,31,0.0,1401/05
10627,514564,12.05,0,0.0,70835.9,21290.2,31,31,100.0,1401/05
10966,514702,,0,0.0,,,0,31,0.0,1401/05
11006,529179,,0,0.0,,,0,31,0.0,1401/05
11160,514711,,0,0.0,,,0,31,0.0,1401/06
11161,514711,18.07,0,0.0,26676.6,46529.6,31,31,100.0,1401/06
11191,514702,,0,0.0,,,0,31,0.0,1401/06
11203,222222,,0,0.0,,0.0,31,31,100.0,1401/06
11240,چاه شماره 13,,0,0.0,,,0,31,0.0,1401/06
11271,زندان مرکزی,2.36,0,0.0,1974.9,223.124,31,31,100.0,1401/06
11272,زندان مرکزی,,0,0.0,,,0,31,0.0,1401/06
11314,چاه شماره 13,,0,0.0,,,0,31,0.0,1401/06
11817,517048,14.08,0,0.0,85173.9,18737.7,31,31,100.0,1401/06
11818,517048,,0,0.0,,,0,31,0.0,1401/06
11826,222222,3.41,0,0.0,37343.3,8802.09,31,31,100.0,1401/06
11889,517227,15.35,0,0.0,15665.4,29489.9,31,31,100.0,1401/06
11890,517227,15.33,0,0.0,12475.7,29454.0,31,31,100.0,1401/06
11957,111111,6.16,0,0.0,530.0,284.067,31,31,100.0,1401/06
11959,111111,9.01,0,0.0,117818.3,11425.2,31,31,100.0,1401/06
11960,111111,9.45,0,0.0,161338.7,23107.7,31,31,100.0,1401/06
11961,111111,,0,0.0,0.0,-1567.0,31,31,100.0,1401/06
11962,111111,3.18,0,0.0,100358.0,6736.34,31,31,100.0,1401/06
11963,111111,0.4,0,0.0,4159.7,6.407,23,31,74.19,1401/06
12115,541280,,0,0.0,,,0,31,0.0,1401/06
12116,541280,,0,0.0,,,0,31,0.0,1401/06
12160,516377,,0,0.0,,,0,31,0.0,1401/06
12192,516377,,0,0.0,,0.0,31,31,100.0,1401/06
12350,529179,22.67,0,0.0,39916.3,56814.3,31,31,100.0,1401/06
12738,514564,,0,0.0,,,0,31,0.0,1401/06
12827,111111,,0,0.0,,,0,31,0.0,1401/06
12845,514564,12.04,0,0.0,32956.9,5502.6,31,31,100.0,1401/06
13184,514702,,0,0.0,,,0,31,0.0,1401/06
13224,529179,,0,0.0,,,0,31,0.0,1401/06
13378,514711,,0,0.0,,,0,30,0.0,1401/07
13379,514711,17.68,0,0.0,6301.4,11292.0,30,30,100.0,1401/07
13409,514702,,0,0.0,,,0,30,0.0,1401/07
13421,222222,,0,0.0,,0.0,30,30,100.0,1401/07
13458,چاه شماره 13,,0,0.0,,,0,30,0.0,1401/07
13489,زندان مرکزی,2.64,0,0.0,2483.6,238.208,30,30,100.0,1401/07
13490,زندان مرکزی,,0,0.0,,,0,30,0.0,1401/07
13532,چاه شماره 13,,0,0.0,,,0,30,0.0,1401/07
14035,517048,13.35,0,0.0,80678.5,14551.3,30,30,100.0,1401/07
14036,517048,,0,0.0,,,0,30,0.0,1401/07
14044,222222,3.39,0,0.0,55618.1,8725.46,30,30,100.0,1401/07
14107,517227,15.26,0,0.0,32206.5,19239.1,30,30,100.0,1401/07
14108,517227,15.26,0,0.0,29215.7,19230.4,30,30,100.0,1401/07
14175,111111,6.47,0,0.0,850.5,307.842,30,30,100.0,1401/07
14177,111111,8.68,0,0.0,94845.9,12930.4,30,30,100.0,1401/07
14178,111111,9.48,0,0.0,176596.5,20466.1,30,30,100.0,1401/07
14179,111111,,0,0.0,0.0,-1516.5,30,30,100.0,1401/07
14180,111111,3.16,0,0.0,120246.0,5955.24,30,30,100.0,1401/07
14181,111111,0.4,0,0.0,,19.164,30,30,100.0,1401/07
14333,541280,,0,0.0,,,0,30,0.0,1401/07
14334,541280,,0,0.0,,,0,30,0.0,1401/07
14378,516377,,0,0.0,,,0,30,0.0,1401/07
14410,516377,,0,0.0,,0.0,30,30,100.0,1401/07
14568,529179,22.4,0,0.0,34611.6,38552.5,30,30,100.0,1401/07
14956,514564,,0,0.0,,,0,30,0.0,1401/07
15045,111111,,0,0.0,,,0,30,0.0,1401/07
15063,514564,11.65,0,0.0,13820.2,10505.3,30,30,100.0,1401/07
15402,514702,,0,0.0,,,0,30,0.0,1401/07
15442,529179,,0,0.0,,,0,30,0.0,1401/07
15596,514711,,0,0.0,,,0,30,0.0,1401/08
15597,514711,17.94,0,0.0,64686.7,38345.3,30,30,100.0,1401/08
15627,514702,,0,0.0,,,0,30,0.0,1401/08
15639,222222,,0,0.0,,0.0,30,30,100.0,1401/08
15676,چاه شماره 13,,0,0.0,,,0,30,0.0,1401/08
15707,زندان مرکزی,2.81,0,0.0,,42.976,30,30,100.0,1401/08
15708,زندان مرکزی,,0,0.0,,,0,30,0.0,1401/08
15750,چاه شماره 13,,0,0.0,,,0,30,0.0,1401/08
16253,517048,13.25,0,0.0,56394.6,12032.9,29,30,96.67,1401/08
16254,517048,,0,0.0,,,0,30,0.0,1401/08
16262,222222,3.11,0,0.0,48665.1,8050.84,30,30,100.0,1401/08
16325,517227,16.12,0,0.0,27366.4,5271.4,30,30,100.0,1401/08
16326,517227,16.1,0,0.0,27307.5,5267.3,30,30,100.0,1401/08
16393,111111,6.3,0,0.0,2075.2,359.491,30,30,100.0,1401/08
16395,111111,9.57,0,0.0,119842.9,15814.5,30,30,100.0,1401/08
16396,111111,8.75,0,0.0,154911.4,11931.3,30,30,100.0,1401/08
16397,111111,,0,0.0,0.0,-1516.4,30,30,100.0,1401/08
16398,111111,3.25,0,0.0,94745.7,5264.0,30,30,100.0,1401/08
16399,111111,,0,0.0,,0.257,30,30,100.0,1401/08
16551,541280,,0,0.0,,,0,30,0.0,1401/08
16552,541280,,0,0.0,,,0,30,0.0,1401/08
16596,516377,,0,0.0,,,0,30,0.0,1401/08
16628,516377,,0,0.0,,0.0,30,30,100.0,1401/08
16786,529179,21.81,0,0.0,49567.6,43289.0,30,30,100.0,1401/08
17174,514564,,0,0.0,,,0,30,0.0,1401/08
17263,111111,,0,0.0,,,0,30,0.0,1401/08
17281,514564,11.49,0,0.0,36015.8,5629.4,30,30,100.0,1401/08
17620,514702,,0,0.0,,,0,30,0.0,1401/08
17660,529179,,0,0.0,,,0,30,0.0,1401/08
17814,514711,,0,0.0,,,0,30,0.0,1401/09
17815,514711,13.28,0,0.0,67223.6,20750.2,30,30,100.0,1401/09
17845,514702,,0,0.0,,,0,30,0.0,1401/09
17857,222222,,0,0.0,,0.0,30,30,100.0,1401/09
17894,چاه شماره 13,,0,0.0,,,0,30,0.0,1401/09
17925,زندان مرکزی,2.09,0,0.0,73.6,84.346,30,30,100.0,1401/09
17926,زندان مرکزی,,0,0.0,,,0,30,0.0,1401/09
17968,چاه شماره 13,,0,0.0,,,0,30,0.0,1401/09
18471,517048,13.19,0,0.0,59021.4,12251.7,30,30,100.0,1401/09
18472,517048,,0,0.0,,,0,30,0.0,1401/09
18480,222222,3.47,0,0.0,62727.2,9023.06,30,30,100.0,1401/09
18543,517227,16.51,0,0.0,5862.4,2011.0,30,30,100.0,1401/09
18544,517227,16.51,0,0.0,5856.7,1986.7,30,30,100.0,1401/09
18611,111111,5.8,0,0.0,1576.3,271.596,30,30,100.0,1401/09
18613,111111,7.54,0,0.0,166321.0,11661.2,30,30,100.0,1401/09
18614,111111,8.72,0,0.0,202188.0,15343.1,30,30,100.0,1401/09
18615,111111,,0,0.0,0.0,-1516.5,30,30,100.0,1401/09
18616,111111,3.09,0,0.0,122070.2,4117.2,30,30,100.0,1401/09
18617,111111,,0,0.0,,0.227,30,30,100.0,1401/09
18769,541280,,0,0.0,,,0,30,0.0,1401/09
18770,541280,,0,0.0,,,0,30,0.0,1401/09
18814,516377,,0,0.0,,,0,30,0.0,1401/09
18846,516377,,0,0.0,,0.0,30,30,100.0,1401/09
19004,529179,24.2,0,0.0,47735.4,20167.0,30,30,100.0,1401/09
19392,514564,,0,0.0,,,0,30,0.0,1401/09
19481,111111,,0,0.0,,,0,30,0.0,1401/09
19499,514564,10.19,0,0.0,98733.1,482871.7,30,30,100.0,1401/09
19838,514702,,0,0.0,,,0,30,0.0,1401/09
19878,529179,,0,0.0,,,0,30,0.0,1401/09
20032,514711,,0,0.0,,,0,30,0.0,1401/10
20033,514711,,0,0.0,,0.0,30,30,100.0,1401/10
20063,514702,22.89,0,0.0,109030.3,27584.4,30,30,100.0,1401/10
20075,222222,,0,0.0,,0.0,30,30,100.0,1401/10
20112,چاه شماره 13,32.02,0,0.0,114318.4,1210268.0,30,30,100.0,1401/10
20143,زندان مرکزی,3.02,0,0.0,532.5,26.778,30,30,100.0,1401/10
20144,زندان مرکزی,,0,0.0,,,0,30,0.0,1401/10
20186,چاه شماره 13,,0,0.0,,,0,30,0.0,1401/10
20689,517048,13.14,0,0.0,76057.5,10941.8,30,30,100.0,1401/10
20690,517048,,0,0.0,,,0,30,0.0,1401/10
20698,222222,3.77,0,0.0,71300.5,9787.62,30,30,100.0,1401/10
20761,517227,15.43,0,0.0,12325.1,1348.0,30,30,100.0,1401/10
20762,517227,16.07,0,0.0,6199.0,1215.4,30,30,100.0,1401/10
20829,111111,5.62,0,0.0,1190.0,206.939,30,30,100.0,1401/10
20831,111111,9.37,0,0.0,79324.8,5276.7,30,30,100.0,1401/10
20832,111111,8.7,0,0.0,154047.3,13662.0,30,30,100.0,1401/10
20833,111111,,0,0.0,0.0,-1516.4,30,30,100.0,1401/10
20834,111111,2.87,0,0.0,67802.1,3248.3,30,30,100.0,1401/10
20835,111111,,0,0.0,,0.078,30,30,100.0,1401/10
20987,541280,,0,0.0,,,0,30,0.0,1401/10
20988,541280,,0,0.0,,,0,30,0.0,1401/10
21032,516377,,0,0.0,,,0,30,0.0,1401/10
21064,516377,,0,0.0,,0.0,30,30,100.0,1401/10
21222,529179,29.59,0,0.0,4268.9,10870.7,30,30,100.0,1401/10
21610,514564,,0,0.0,,,0,30,0.0,1401/10
21699,111111,,0,0.0,,,0,30,0.0,1401/10
21717,514564,9.5,0,0.0,69125.8,4785.7,30,30,100.0,1401/10
22056,514702,,0,0.0,,,0,30,0.0,1401/10
22096,529179,,0,0.0,,,0,30,0.0,1401/10
22250,514711,,0,0.0,,,0,30,0.0,1401/11
22251,514711,,0,0.0,,0.0,30,30,100.0,1401/11
22281,514702,22.53,0,0.0,87065.8,44160.5,29,30,96.67,1401/11
22293,222222,,0,0.0,,0.0,30,30,100.0,1401/11
22330,چاه شماره 13,30.75,0,0.0,110468.8,59854.0,30,30,100.0,1401/11
22361,زندان مرکزی,2.72,0,0.0,633.9,76.997,30,30,100.0,1401/11
22362,زندان مرکزی,,0,0.0,,,0,30,0.0,1401/11
22404,چاه شماره 13,,0,0.0,,,0,30,0.0,1401/11
22907,517048,13.06,0,0.0,39821.6,12338.5,30,30,100.0,1401/11
22908,517048,,0,0.0,,,0,30,0.0,1401/11
22916,222222,3.71,0,0.0,93473.7,9633.13,30,30,100.0,1401/11
22979,517227,16.66,0,0.0,9865.4,4076.1,30,30,100.0,1401/11
22980,517227,16.07,0,0.0,11115.9,4016.3,30,30,100.0,1401/11
23047,111111,5.94,0,0.0,2680.6,372.162,25,30,83.33,1401/11
23049,111111,6.98,0,0.0,187778.3,8904.2,30,30,100.0,1401/11
23050,111111,8.74,0,0.0,203239.1,16268.8,30,30,100.0,1401/11
23051,111111,,0,0.0,0.0,-1516.5,30,30,100.0,1401/11
23052,111111,3.16,0,0.0,128819.3,6622.8,30,30,100.0,1401/11
23053,111111,1.42,0,0.0,3789.2,433.02,30,30,100.0,1401/11
23205,541280,,0,0.0,,,0,30,0.0,1401/11
23206,541280,,0,0.0,,,0,30,0.0,1401/11
23250,516377,,0,0.0,,,0,30,0.0,1401/11
23282,516377,,0,0.0,,0.0,30,30,100.0,1401/11
23440,529179,1.3,0,0.0,,-0.4,30,30,100.0,1401/11
23828,514564,,0,0.0,,,0,30,0.0,1401/11
23917,111111,,0,0.0,,,0,30,0.0,1401/11
23935,514564,6.37,0,0.0,230386.3,1449646.7,30,30,100.0,1401/11
24274,514702,,0,0.0,,,0,30,0.0,1401/11
24314,529179,,0,0.0,,,0,30,0.0,1401/11
24468,514711,,0,0.0,,,0,29,0.0,1401/12
24469,514711,21.26,0,0.0,5387.9,40576.0,29,29,100.0,1401/12
24499,514702,22.24,0,0.0,112330.3,42705.3,29,29,100.0,1401/12
24511,222222,,0,0.0,,0.0,29,29,100.0,1401/12
24548,چاه شماره 13,26.18,0,0.0,188229.8,51980.0,29,29,100.0,1401/12
24579,زندان مرکزی,2.65,0,0.0,587.4,61.853,29,29,100.0,1401/12
24580,زندان مرکزی,,0,0.0,,,0,29,0.0,1401/12
24622,چاه شماره 13,,0,0.0,,,0,29,0.0,1401/12
25125,517048,13.09,0,0.0,81371.6,11767.7,29,29,100.0,1401/12
25126,517048,,0,0.0,,,0,29,0.0,1401/12
25134,222222,3.03,0,0.0,110484.1,7387.87,29,29,100.0,1401/12
25197,517227,15.28,0,0.0,35644.0,13844.6,29,29,100.0,1401/12
25198,517227,15.36,0,0.0,38341.3,13891.8,29,29,100.0,1401/12
25265,111111,,0,0.0,,,0,29,0.0,1401/12
25267,111111,9.66,0,0.0,122099.5,13471.8,29,29,100.0,1401/12
25268,111111,7.65,0,0.0,243415.2,14059.9,29,29,100.0,1401/12
25269,111111,,0,0.0,0.0,-1465.9,29,29,100.0,1401/12
25270,111111,3.29,0,0.0,141097.7,6680.6,29,29,100.0,1401/12
25271,111111,1.51,0,0.0,11419.7,2061.184,29,29,100.0,1401/12
25423,541280,,0,0.0,,,0,29,0.0,1401/12
25424,541280,,0,0.0,,,0,29,0.0,1401/12
25468,516377,,0,0.0,,,0,29,0.0,1401/12
25500,516377,,0,0.0,,0.0,29,29,100.0,1401/12
25658,529179,28.63,0,0.0,22448.8,34309.7,29,29,100.0,1401/12
26046,514564,,0,0.0,,,0,29,0.0,1401/12
26135,111111,,0,0.0,,,0,29,0.0,1401/12
26153,514564,12.26,0,0.0,161455.1,24180.7,29,29,100.0,1401/12
26492,514702,,0,0.0,,,0,29,0.0,1401/12
26532,529179,,0,0.0,,,0,29,0.0,1401/12
26686,514711,,0,0.0,,,0,31,0.0,1402/01
26687,514711,16.24,0,0.0,77787.9,355101.5,31,31,100.0,1402/01
26717,514702,22.15,0,0.0,96136.4,40166.5,31,31,100.0,1402/01
26729,222222,,0,0.0,,0.0,31,31,100.0,1402/01
26766,چاه شماره 13,30.28,0,0.0,205700.5,64099.0,31,31,100.0,1402/01
26797,زندان مرکزی,3.45,0,0.0,285.7,105.161,31,31,100.0,1402/01
26798,زندان مرکزی,,0,0.0,,,0,31,0.0,1402/01
26840,چاه شماره 13,,0,0.0,,,0,31,0.0,1402/01
27343,517048,13.3,0,0.0,99433.6,13934.0,31,31,100.0,1402/01
27344,517048,,0,0.0,,,0,31,0.0,1402/01
27352,222222,2.75,0,0.0,203305.6,6996.93,31,31,100.0,1402/01
27415,517227,15.57,0,0.0,40168.4,16699.4,31,31,100.0,1402/01
27416,517227,15.48,0,0.0,40417.5,16742.1,31,31,100.0,1402/01
27483,111111,,0,0.0,,,0,31,0.0,1402/01
27485,111111,8.91,0,0.0,114557.3,11287.2,31,31,100.0,1402/01
27486,111111,8.4,0,0.0,179620.9,13068.6,31,31,100.0,1402/01
27487,111111,,0,0.0,0.0,-1567.0,31,31,100.0,1402/01
27488,111111,3.3,0,0.0,132959.7,5536.0,31,31,100.0,1402/01
27489,111111,1.47,0,0.0,14400.6,2013.341,31,31,100.0,1402/01
27641,541280,,0,0.0,,,0,31,0.0,1402/01
27642,541280,,0,0.0,,,0,31,0.0,1402/01
27686,516377,,0,0.0,,,0,31,0.0,1402/01
27718,516377,,0,0.0,,0.0,31,31,100.0,1402/01
27876,529179,28.98,0,0.0,9116.6,5910.4,6,31,19.35,1402/01
28264,514564,,0,0.0,,,0,31,0.0,1402/01
28353,111111,,0,0.0,,,0,31,0.0,1402/01
28371,514564,12.35,0,0.0,97215.8,18201.3,31,31,100.0,1402/01
28710,514702,,0,0.0,,,0,31,0.0,1402/01
28750,529179,,0,0.0,,,0,31,0.0,1402/01
28904,514711,,0,0.0,,,0,31,0.0,1402/02
28905,514711,21.75,0,0.0,31333.8,51438.7,31,31,100.0,1402/02
28935,514702,21.68,0,0.0,103106.5,41588.9,31,31,100.0,1402/02
28947,222222,,0,0.0,,0.0,31,31,100.0,1402/02
28984,چاه شماره 13,28.95,0,0.0,171167.9,64019.0,31,31,100.0,1402/02
29015,زندان مرکزی,3.0,0,0.0,873.9,108.387,31,31,100.0,1402/02
29016,زندان مرکزی,,0,0.0,,,0,31,0.0,1402/02
29058,چاه شماره 13,,0,0.0,,,0,31,0.0,1402/02
29561,517048,13.25,0,0.0,78255.5,14671.4,31,31,100.0,1402/02
29562,517048,,0,0.0,,,0,31,0.0,1402/02
29570,222222,4.16,0,0.0,121966.0,11141.79,31,31,100.0,1402/02
29633,517227,14.94,0,0.0,41386.3,21073.9,31,31,100.0,1402/02
29634,517227,14.99,0,0.0,37218.2,21133.2,31,31,100.0,1402/02
29701,111111,,0,0.0,,,0,31,0.0,1402/02
29703,111111,9.79,0,0.0,135363.0,17426.7,31,31,100.0,1402/02
29704,111111,7.55,0,0.0,307654.8,13053.8,31,31,100.0,1402/02
29705,111111,,0,0.0,0.0,-1567.0,31,31,100.0,1402/02
29706,111111,3.33,0,0.0,175494.8,5864.4,31,31,100.0,1402/02
29707,111111,1.37,0,0.0,19541.4,2138.33,31,31,100.0,1402/02
29859,541280,,0,0.0,,,0,31,0.0,1402/02
29860,541280,,0,0.0,,,0,31,0.0,1402/02
29904,516377,,0,0.0,,,0,31,0.0,1402/02
29936,516377,,0,0.0,,0.0,31,31,100.0,1402/02
30094,529179,,0,0.0,,,0,31,0.0,1402/02
30482,514564,,0,0.0,,,0,31,0.0,1402/02
30571,111111,,0,0.0,,,0,31,0.0,1402/02
30589,514564,12.0,0,0.0,208708.1,21135.6,31,31,100.0,1402/02
30928,514702,,0,0.0,,,0,31,0.0,1402/02
30968,529179,,0,0.0,,,0,31,0.0,1402/02
31122,514711,,0,0.0,,,0,31,0.0,1402/03
31123,514711,21.78,0,0.0,28780.3,26165.6,31,31,100.0,1402/03
31153,514702,21.04,0,0.0,88184.0,42404.3,31,31,100.0,1402/03
31165,222222,,0,0.0,,0.0,31,31,100.0,1402/03
31202,چاه شماره 13,26.5,0,0.0,159229.4,69102.0,31,31,100.0,1402/03
31233,زندان مرکزی,3.34,0,0.0,1453.0,132.731,31,31,100.0,1402/03
31234,زندان مرکزی,,0,0.0,,,0,31,0.0,1402/03
31276,چاه شماره 13,,0,0.0,,,0,31,0.0,1402/03
31779,517048,13.0,0,0.0,128116.0,15770.0,31,31,100.0,1402/03
31780,517048,,0,0.0,,,0,31,0.0,1402/03
31788,222222,5.67,0,0.0,93129.2,15063.7,31,31,100.0,1402/03
31851,517227,14.63,0,0.0,47322.6,27868.4,31,31,100.0,1402/03
31852,517227,14.16,0,0.0,58978.5,27985.0,31,31,100.0,1402/03
31919,111111,,0,0.0,,,0,31,0.0,1402/03
31921,111111,8.24,0,0.0,208649.1,13564.2,31,31,100.0,1402/03
31922,111111,5.82,0,0.0,351805.3,10978.4,31,31,100.0,1402/03
31923,111111,,0,0.0,0.0,-1567.0,31,31,100.0,1402/03
31924,111111,3.39,0,0.0,144511.9,6701.6,31,31,100.0,1402/03
31925,111111,1.22,0,0.0,27926.1,918.91,31,31,100.0,1402/03
32077,541280,,0,0.0,,,0,31,0.0,1402/03
32078,541280,,0,0.0,,,0,31,0.0,1402/03
32122,516377,,0,0.0,,,0,31,0.0,1402/03
32154,516377,,0,0.0,,0.0,31,31,100.0,1402/03
32312,529179,,0,0.0,,,0,31,0.0,1402/03
32700,514564,,0,0.0,,,0,31,0.0,1402/03
32789,111111,,0,0.0,,,0,31,0.0,1402/03
32807,514564,11.1,0,0.0,244018.7,24684.7,31,31,100.0,1402/03
33146,514702,,0,0.0,,,0,31,0.0,1402/03
33186,529179,,0,0.0,,,0,31,0.0,1402/03
33340,514711,,0,0.0,,,0,31,0.0,1402/04
33341,514711,20.45,0,0.0,86504.2,49379.9,31,31,100.0,1402/04
33371,514702,20.54,0,0.0,93307.8,46739.1,31,31,100.0,1402/04
33383,222222,,0,0.0,,0.0,31,31,100.0,1402/04
33420,چاه شماره 13,26.13,0,0.0,216505.4,69523.0,31,31,100.0,1402/04
33451,زندان مرکزی,3.15,0,0.0,1088.5,197.082,31,31,100.0,1402/04
33452,زندان مرکزی,,0,0.0,,,0,31,0.0,1402/04
33494,چاه شماره 13,,0,0.0,,,0,31,0.0,1402/04
33997,517048,12.93,0,0.0,95165.2,19477.5,31,31,100.0,1402/04
33998,517048,,0,0.0,,,0,31,0.0,1402/04
34006,222222,5.51,0,0.0,109339.3,14748.9,31,31,100.0,1402/04
34069,517227,14.16,0,0.0,49092.6,30145.1,31,31,100.0,1402/04
34070,517227,12.99,0,0.0,94015.3,30355.8,31,31,100.0,1402/04
34137,111111,,0,0.0,,,0,31,0.0,1402/04
34139,111111,8.28,0,0.0,209017.2,13362.5,31,31,100.0,1402/04
34140,111111,4.86,0,0.0,483007.1,9164.3,31,31,100.0,1402/04
34141,111111,,0,0.0,0.0,-1567.0,31,31,100.0,1402/04
34142,111111,3.14,0,0.0,163874.7,6425.9,31,31,100.0,1402/04
34143,111111,1.08,0,0.0,30103.6,126.0,31,31,100.0,1402/04
34295,541280,,0,0.0,,,0,31,0.0,1402/04
34296,541280,,0,0.0,,,0,31,0.0,1402/04
34340,516377,,0,0.0,,,0,31,0.0,1402/04
34372,516377,,0,0.0,,0.0,31,31,100.0,1402/04
34530,529179,,0,0.0,,,0,31,0.0,1402/04
34918,514564,,0,0.0,,,0,31,0.0,1402/04
35007,111111,,0,0.0,,,0,31,0.0,1402/04
35025,514564,10.66,0,0.0,193426.8,23663.2,31,31,100.0,1402/04
35364,514702,,0,0.0,,,0,31,0.0,1402/04
35404,529179,,0,0.0,,,0,31,0.0,1402/04
35558,514711,,0,0.0,,,0,31,0.0,1402/05
35559,514711,18.6,0,0.0,59463.3,44406.2,31,31,100.0,1402/05
35589,514702,20.11,0,0.0,128237.1,45883.0,31,31,100.0,1402/05
35601,222222,,0,0.0,,0.0,31,31,100.0,1402/05
35638,چاه شماره 13,26.24,0,0.0,261408.1,70257.0,31,31,100.0,1402/05
35669,زندان مرکزی,3.1,0,0.0,1903.2,184.228,31,31,100.0,1402/05
35670,زندان مرکزی,,0,0.0,,,0,31,0.0,1402/05
35712,چاه شماره 13,,0,0.0,,,0,31,0.0,1402/05
36215,517048,12.87,0,0.0,120067.7,19468.7,31,31,100.0,1402/05
36216,517048,,0,0.0,,,0,31,0.0,1402/05
36224,222222,5.99,0,0.0,99083.3,16062.4,31,31,100.0,1402/05
36287,517227,13.57,0,0.0,37988.1,31869.3,31,31,100.0,1402/05
36288,517227,12.59,0,0.0,105287.5,32057.3,31,31,100.0,1402/05
36355,111111,,0,0.0,,2210.486,2,31,6.45,1402/05
36357,111111,9.51,0,0.0,168936.5,16253.1,31,31,100.0,1402/05
36358,111111,6.43,0,0.0,291732.3,215779.5,31,31,100.0,1402/05
36359,111111,,0,0.0,0.0,-1567.0,31,31,100.0,1402/05
36360,111111,3.21,0,0.0,168315.6,7030.3,31,31,100.0,1402/05
36361,111111,1.05,0,0.0,24158.5,300.94,31,31,100.0,1402/05
36513,541280,,0,0.0,,,0,31,0.0,1402/05
36514,541280,,0,0.0,,,0,31,0.0,1402/05
36558,516377,,0,0.0,,,0,31,0.0,1402/05
36590,516377,,0,0.0,,0.0,31,31,100.0,1402/05
36748,529179,,0,0.0,,,0,31,0.0,1402/05
37136,514564,,0,0.0,,,0,31,0.0,1402/05
37225,111111,,0,0.0,,,0,31,0.0,1402/05
37243,514564,11.42,0,0.0,181177.1,17834.9,31,31,100.0,1402/05
37582,514702,,0,0.0,,,0,31,0.0,1402/05
37622,529179,,0,0.0,,,0,31,0.0,1402/05
37776,514711,,0,0.0,,,0,31,0.0,1402/06
37777,514711,16.9,0,0.0,46038.0,43950.5,31,31,100.0,1402/06
37807,514702,20.29,0,0.0,148202.1,46806.0,31,31,100.0,1402/06
37819,222222,,0,0.0,,0.0,31,31,100.0,1402/06
37856,چاه شماره 13,29.39,0,0.0,257900.9,76438.0,31,31,100.0,1402/06
37887,زندان مرکزی,3.24,0,0.0,1012.5,125.03,31,31,100.0,1402/06
37888,زندان مرکزی,,0,0.0,,,0,31,0.0,1402/06
37930,چاه شماره 13,,0,0.0,,,0,31,0.0,1402/06
38433,517048,12.75,0,0.0,94599.4,17125.8,30,31,96.77,1402/06
38434,517048,,0,0.0,,,0,31,0.0,1402/06
38442,222222,5.25,0,0.0,85483.4,14030.4,31,31,100.0,1402/06
38505,517227,13.35,0,0.0,13807.7,7997.9,8,31,25.81,1402/06
38506,517227,12.15,0,0.0,26444.8,8047.5,8,31,25.81,1402/06
38573,111111,,0,0.0,0.0,4620.375,30,31,96.77,1402/06
38575,111111,10.42,0,0.0,190922.3,18067.3,31,31,100.0,1402/06
38576,111111,,0,0.0,0.0,-12513.6,31,31,100.0,1402/06
38577,111111,,0,0.0,0.0,-1567.0,31,31,100.0,1402/06
38578,111111,3.22,0,0.0,206595.2,6888.8,31,31,100.0,1402/06
38579,111111,1.32,0,0.0,34148.3,344.96,31,31,100.0,1402/06
38731,541280,,0,0.0,,,0,31,0.0,1402/06
38732,541280,,0,0.0,,,0,31,0.0,1402/06
38776,516377,,0,0.0,,,0,31,0.0,1402/06
38808,516377,,0,0.0,,0.0,31,31,100.0,1402/06
38966,529179,,0,0.0,,,0,31,0.0,1402/06
39354,514564,,0,0.0,,,0,31,0.0,1402/06
39443,111111,,0,0.0,,,0,31,0.0,1402/06
39461,514564,6.89,0,0.0,226346.1,1850266.1,31,31,100.0,1402/06
39800,514702,,0,0.0,,,0,31,0.0,1402/06
39840,529179,,0,0.0,,,0,31,0.0,1402/06
39994,514711,,0,0.0,,,0,30,0.0,1402/07
39995,514711,8.76,2,6.67,809661.2,13118.7,30,30,100.0,1402/07
40025,514702,22.38,0,0.0,167053.6,39466.0,30,30,100.0,1402/07
40037,222222,,0,0.0,,0.0,30,30,100.0,1402/07
40074,چاه شماره 13,31.53,0,0.0,94305.5,68133.0,30,30,100.0,1402/07
40105,زندان مرکزی,2.92,0,0.0,1101.0,93.231,30,30,100.0,1402/07
40106,زندان مرکزی,,0,0.0,,,0,30,0.0,1402/07
40148,چاه شماره 13,,0,0.0,,,0,30,0.0,1402/07
40651,517048,12.68,0,0.0,109268.0,15922.9,30,30,100.0,1402/07
40652,517048,,0,0.0,,0.0,5,30,16.67,1402/07
40660,222222,5.16,0,0.0,125142.8,13353.3,30,30,100.0,1402/07
40723,517227,,0,0.0,,,0,30,0.0,1402/07
40724,517227,,0,0.0,,,0,30,0.0,1402/07
40791,111111,,0,0.0,0.0,-268.0,30,30,100.0,1402/07
40793,111111,12.05,0,0.0,8312.0,157943.5,30,30,100.0,1402/07
40794,111111,,0,0.0,0.0,-12109.9,30,30,100.0,1402/07
40795,111111,,0,0.0,0.0,-1516.4,30,30,100.0,1402/07
40796,111111,,0,0.0,,,0,30,0.0,1402/07
40797,111111,1.18,0,0.0,11048.4,363.0,30,30,100.0,1402/07
40949,541280,,0,0.0,,,0,30,0.0,1402/07
40950,541280,,0,0.0,,,0,30,0.0,1402/07
40994,516377,,0,0.0,,,0,30,0.0,1402/07
41026,516377,,0,0.0,,0.0,30,30,100.0,1402/07
41184,529179,,0,0.0,,,0,30,0.0,1402/07
41572,514564,,0,0.0,,,0,30,0.0,1402/07
41661,111111,,0,0.0,,,0,30,0.0,1402/07
41679,514564,4.22,13,43.33,3871400.3,5543086.8,29,30,96.67,1402/07
42018,514702,,0,0.0,,,0,30,0.0,1402/07
42058,529179,,0,0.0,,,0,30,0.0,1402/07
42212,514711,,0,0.0,,,0,30,0.0,1402/08
42213,514711,18.25,0,0.0,84115.7,47298.4,30,30,100.0,1402/08
42243,514702,21.76,0,0.0,194695.5,38513.0,30,30,100.0,1402/08
42255,222222,,0,0.0,,0.0,16,30,53.33,1402/08
42292,چاه شماره 13,31.48,0,0.0,178655.9,68045.0,30,30,100.0,1402/08
42323,زندان مرکزی,2.41,0,0.0,2150.5,53.163,30,30,100.0,1402/08
42324,زندان مرکزی,,0,0.0,,,0,30,0.0,1402/08
42366,چاه شماره 13,,0,0.0,,,0,30,0.0,1402/08
42869,517048,9.08,0,0.0,150160.0,11932.7,30,30,100.0,1402/08
42870,517048,11.26,0,0.0,14.6,765.166,30,30,100.0,1402/08
42878,222222,5.29,0,0.0,122612.7,13738.1,30,30,100.0,1402/08
42941,517227,,0,0.0,,,0,30,0.0,1402/08
42942,517227,1.82,0,0.0,83.1,35378.2,30,30,100.0,1402/08
43009,111111,,0,0.0,0.0,-267.9,30,30,100.0,1402/08
43011,111111,,0,0.0,0.0,-14255.4,30,30,100.0,1402/08
43012,111111,,0,0.0,0.0,-12109.9,30,30,100.0,1402/08
43013,111111,,0,0.0,0.0,-1516.5,30,30,100.0,1402/08
43014,111111,,0,0.0,,,0,30,0.0,1402/08
43015,111111,1.24,0,0.0,7599.5,220.11,30,30,100.0,1402/08
43167,541280,,0,0.0,,,0,30,0.0,1402/08
43168,541280,,0,0.0,,,0,30,0.0,1402/08
43212,516377,,0,0.0,,,0,30,0.0,1402/08
43244,516377,,0,0.0,,0.0,17,30,56.67,1402/08
43402,529179,,0,0.0,,,0,30,0.0,1402/08
43790,514564,,0,0.0,,,0,30,0.0,1402/08
43879,111111,,0,0.0,,,0,30,0.0,1402/08
43897,514564,2.4,9,30.0,1476888.8,4310727.0,30,30,100.0,1402/08
44236,514702,,0,0.0,,,0,30,0.0,1402/08
44276,529179,,0,0.0,,,0,30,0.0,1402/08
44430,514711,,0,0.0,,,0,30,0.0,1402/09
44431,514711,16.27,0,0.0,70706.1,32158.9,30,30,100.0,1402/09
44461,514702,,0,0.0,0.0,116067.2,30,30,100.0,1402/09
44473,222222,,0,0.0,,,0,30,0.0,1402/09
44510,چاه شماره 13,31.46,0,0.0,152626.8,67353.0,30,30,100.0,1402/09
44541,زندان مرکزی,1.98,0,0.0,1521.3,35.168,30,30,100.0,1402/09
44542,زندان مرکزی,,0,0.0,,,0,30,0.0,1402/09
44584,چاه شماره 13,,0,0.0,,,0,30,0.0,1402/09
45087,517048,8.68,0,0.0,50534.2,6584.5,30,30,100.0,1402/09
45088,517048,11.02,0,0.0,195.9,7114.556,30,30,100.0,1402/09
45096,222222,5.28,0,0.0,110162.0,13661.6,30,30,100.0,1402/09
45159,517227,12.87,0,0.0,16.2,40852.0,30,30,100.0,1402/09
45160,517227,10.1,0,0.0,15.7,732.6,30,30,100.0,1402/09
45227,111111,,0,0.0,0.0,-267.9,30,30,100.0,1402/09
45229,111111,,0,0.0,0.0,-14255.5,30,30,100.0,1402/09
45230,111111,,0,0.0,0.0,-12109.9,30,30,100.0,1402/09
45231,111111,,0,0.0,0.0,-1516.4,30,30,100.0,1402/09
45232,111111,3.18,0,0.0,343.8,16700.5,30,30,100.0,1402/09
45233,111111,0.91,0,0.0,43101.1,543.79,30,30,100.0,1402/09
45385,541280,,0,0.0,,,0,30,0.0,1402/09
45386,541280,,0,0.0,,,0,30,0.0,1402/09
45430,516377,,0,0.0,,,0,30,0.0,1402/09
45462,516377,,0,0.0,0.0,0.0,30,30,100.0,1402/09
45620,529179,,0,0.0,,,0,30,0.0,1402/09
46008,514564,,0,0.0,,,0,30,0.0,1402/09
46097,111111,,0,0.0,,,0,30,0.0,1402/09
46115,514564,12.25,0,0.0,1.1,696.3,30,30,100.0,1402/09
46454,514702,,0,0.0,,,0,30,0.0,1402/09
46494,529179,,0,0.0,,,0,30,0.0,1402/09
46648,514711,,0,0.0,,,0,30,0.0,1402/10
46649,514711,4.99,4,13.33,2700894.1,3833.3,30,30,100.0,1402/10
46679,514702,,0,0.0,0.0,-51370.5,30,30,100.0,1402/10
46691,222222,,0,0.0,,,0,30,0.0,1402/10
46728,چاه شماره 13,31.55,0,0.0,94.1,4541.0,2,30,6.67,1402/10
46759,زندان مرکزی,1.89,0,0.0,2558.4,73.415,30,30,100.0,1402/10
46760,زندان مرکزی,,0,0.0,,,0,30,0.0,1402/10
46802,چاه شماره 13,,0,0.0,,,0,30,0.0,1402/10
47305,517048,8.5,0,0.0,809.2,956.4,30,30,100.0,1402/10
47306,517048,11.2,0,0.0,819.1,13352.798,30,30,100.0,1402/10
47314,222222,5.25,0,0.0,173747.0,13602.5,30,30,100.0,1402/10
47377,517227,13.78,0,0.0,93.1,4764.8,30,30,100.0,1402/10
47378,517227,14.59,0,0.0,78.9,4135.6,30,30,100.0,1402/10
47445,111111,,0,0.0,0.0,-268.0,30,30,100.0,1402/10
47447,111111,,0,0.0,0.0,-14255.4,30,30,100.0,1402/10
47448,111111,,0,0.0,0.0,-12109.9,30,30,100.0,1402/10
47449,111111,,0,0.0,0.0,-1516.5,30,30,100.0,1402/10
47450,111111,3.13,0,0.0,526.5,5973.8,30,30,100.0,1402/10
47451,111111,1.02,0,0.0,42245.9,1096.11,30,30,100.0,1402/10
47603,541280,,0,0.0,,,0,30,0.0,1402/10
47604,541280,,0,0.0,,,0,30,0.0,1402/10
47648,516377,,0,0.0,,,0,30,0.0,1402/10
47680,516377,,0,0.0,0.0,0.2,30,30,100.0,1402/10
47838,529179,,0,0.0,,,0,30,0.0,1402/10
48226,514564,,0,0.0,,,0,30,0.0,1402/10
48315,111111,,0,0.0,,,0,30,0.0,1402/10
48333,514564,10.64,1,3.33,77188.3,2706.9,30,30,100.0,1402/10
48672,514702,,0,0.0,,,0,30,0.0,1402/10
48712,529179,,0,0.0,,,0,30,0.0,1402/10
48866,514711,,0,0.0,,,0,30,0.0,1402/11
48867,514711,1.47,2,6.67,1692915.5,138.9,30,30,100.0,1402/11
48897,514702,20.81,0,0.0,484.4,36233.3,30,30,100.0,1402/11
48909,222222,,0,0.0,,,0,30,0.0,1402/11
48946,چاه شماره 13,,0,0.0,,,0,30,0.0,1402/11
48977,زندان مرکزی,1.1,0,0.0,,15.749,30,30,100.0,1402/11
48978,زندان مرکزی,,0,0.0,,0.0,23,30,76.67,1402/11
49020,چاه شماره 13,,0,0.0,,,0,30,0.0,1402/11
49523,517048,8.5,0,0.0,11.2,736.5,30,30,100.0,1402/11
49524,517048,11.17,0,0.0,2331.9,11174.85,30,30,100.0,1402/11
49532,222222,4.78,0,0.0,151210.0,12367.5,30,30,100.0,1402/11
49595,517227,13.26,0,0.0,110.0,5851.0,30,30,100.0,1402/11
49596,517227,15.33,0,0.0,20.7,1133.1,30,30,100.0,1402/11
49663,111111,,0,0.0,0.0,-267.9,30,30,100.0,1402/11
49665,111111,,0,0.0,0.0,-14255.4,30,30,100.0,1402/11
49666,111111,,0,0.0,0.0,-12109.9,30,30,100.0,1402/11
49667,111111,,0,0.0,0.0,-1516.4,30,30,100.0,1402/11
49668,111111,3.21,0,0.0,554.2,6391.8,30,30,100.0,1402/11
49669,111111,0.87,0,0.0,32661.5,435.61,30,30,100.0,1402/11
49821,541280,,0,0.0,,,0,30,0.0,1402/11
49822,541280,,0,0.0,,,0,30,0.0,1402/11
49866,516377,,0,0.0,,,0,30,0.0,1402/11
49898,516377,,0,0.0,0.0,0.3,30,30,100.0,1402/11
50056,529179,,0,0.0,,,0,30,0.0,1402/11
50444,514564,,0,0.0,,,0,30,0.0,1402/11
50533,111111,,0,0.0,,,0,30,0.0,1402/11
50551,514564,7.3,1,3.33,,376.1,21,30,70.0,1402/11
50890,514702,,0,0.0,,,0,30,0.0,1402/11
50930,529179,,0,0.0,,,0,30,0.0,1402/11
51084,514711,,0,0.0,,,0,29,0.0,1402/12
51085,514711,1.62,0,0.0,171065.7,74.6,29,29,100.0,1402/12
51115,514702,,0,0.0,0.0,485458.1,29,29,100.0,1402/12
51127,222222,,0,0.0,,,0,29,0.0,1402/12
51164,چاه شماره 13,,0,0.0,,,0,29,0.0,1402/12
51195,زندان مرکزی,1.62,0,0.0,,35.672,29,29,100.0,1402/12
51196,زندان مرکزی,,0,0.0,,0.0,29,29,100.0,1402/12
51238,چاه شماره 13,,0,0.0,,,0,29,0.0,1402/12
51741,517048,8.38,0,0.0,35445.5,3425.6,29,29,100.0,1402/12
51742,517048,10.88,0,0.0,3821.9,6429.52,28,29,96.55,1402/12
51750,222222,4.61,0,0.0,152052.9,11539.1,29,29,100.0,1402/12
51813,517227,14.89,0,0.0,117.7,6427.1,29,29,100.0,1402/12
51814,517227,13.88,0,0.0,82.5,4621.8,29,29,100.0,1402/12
51881,111111,,0,0.0,0.0,-259.0,29,29,100.0,1402/12
51883,111111,,0,0.0,0.0,-13780.3,29,29,100.0,1402/12
51884,111111,,0,0.0,0.0,-11706.2,29,29,100.0,1402/12
51885,111111,,0,0.0,0.0,-1465.9,29,29,100.0,1402/12
51886,111111,3.19,0,0.0,567.4,6502.1,29,29,100.0,1402/12
51887,111111,0.78,0,0.0,28747.1,343.27,29,29,100.0,1402/12
52039,541280,,0,0.0,,,0,29,0.0,1402/12
52040,541280,,0,0.0,,,0,29,0.0,1402/12
52084,516377,,0,0.0,,,0,29,0.0,1402/12
52116,516377,,0,0.0,0.0,0.2,29,29,100.0,1402/12
52274,529179,,0,0.0,,,0,29,0.0,1402/12
52662,514564,,0,0.0,,,0,29,0.0,1402/12
52751,111111,,0,0.0,,,0,29,0.0,1402/12
52769,514564,,0,0.0,,,0,29,0.0,1402/12
53108,514702,,0,0.0,,,0,29,0.0,1402/12
53148,529179,,0,0.0,,,0,29,0.0,1402/12
53302,514711,,0,0.0,,,0,31,0.0,1403/01
53303,514711,14.15,1,3.23,191087.3,21130.8,31,31,100.0,1403/01
53333,514702,,0,0.0,0.0,-47193.9,31,31,100.0,1403/01
53345,222222,,0,0.0,,,0,31,0.0,1403/01
53382,چاه شماره 13,,0,0.0,,,0,31,0.0,1403/01
53413,زندان مرکزی,,0,0.0,0.0,0.0,25,31,80.65,1403/01
53414,زندان مرکزی,4.08,0,0.0,4.5,78.499,31,31,100.0,1403/01
53456,چاه شماره 13,,0,0.0,,,0,31,0.0,1403/01
53959,517048,7.6,0,0.0,26623.8,1073.2,31,31,100.0,1403/01
53960,517048,11.15,0,0.0,3298.4,10501.51,31,31,100.0,1403/01
53968,222222,4.35,0,0.0,197690.8,11626.7,31,31,100.0,1403/01
54031,517227,15.49,0,0.0,295.3,16387.4,31,31,100.0,1403/01
54032,517227,15.35,0,0.0,141.8,7830.3,31,31,100.0,1403/01
54099,111111,,0,0.0,0.0,-276.9,31,31,100.0,1403/01
54101,111111,,0,0.0,0.0,-14730.6,31,31,100.0,1403/01
54102,111111,,0,0.0,0.0,-12513.6,31,31,100.0,1403/01
54103,111111,,0,0.0,0.0,-1567.0,31,31,100.0,1403/01
54104,111111,3.15,0,0.0,567.3,6444.7,31,31,100.0,1403/01
54105,111111,0.94,0,0.0,12403.9,748.19,31,31,100.0,1403/01
54257,541280,,0,0.0,,,0,31,0.0,1403/01
54258,541280,,0,0.0,,,0,31,0.0,1403/01
54302,516377,,0,0.0,,,0,31,0.0,1403/01
54334,516377,,0,0.0,0.0,0.3,31,31,100.0,1403/01
54492,529179,,0,0.0,,,0,31,0.0,1403/01
54880,514564,,0,0.0,0.0,0.0,7,31,22.58,1403/01
54969,111111,,0,0.0,,,0,31,0.0,1403/01
54987,514564,,0,0.0,,,0,31,0.0,1403/01
55326,514702,,0,0.0,,,0,31,0.0,1403/01
55366,529179,,0,0.0,,,0,31,0.0,1403/01
55520,514711,,0,0.0,,,0,31,0.0,1403/02
55521,514711,14.57,0,0.0,404.2,22046.3,31,31,100.0,1403/02
55551,514702,,0,0.0,0.0,-47193.8,31,31,100.0,1403/02
55563,222222,,0,0.0,,,0,31,0.0,1403/02
55600,چاه شماره 13,,0,0.0,,,0,31,0.0,1403/02
55631,زندان مرکزی,,0,0.0,0.0,0.014,8,31,25.81,1403/02
55632,زندان مرکزی,4.12,0,0.0,7.5,118.655,31,31,100.0,1403/02
55674,چاه شماره 13,,0,0.0,,,0,31,0.0,1403/02
56177,517048,8.3,0,0.0,26.0,772.8,31,31,100.0,1403/02
56178,517048,11.0,0,0.0,319.4,12643.17,31,31,100.0,1403/02
56186,222222,5.52,0,0.0,735.5,14625.9,31,31,100.0,1403/02
56249,517227,15.28,0,0.0,287.0,15603.0,31,31,100.0,1403/02
56250,517227,14.9,0,0.0,15.6,843.1,31,31,100.0,1403/02
56317,111111,6.51,0,0.0,9.1,235.08,31,31,100.0,1403/02
56319,111111,10.62,0,0.0,429.2,16336.9,31,31,100.0,1403/02
56320,111111,8.23,0,0.0,509.3,15251.5,31,31,100.0,1403/02
56321,111111,,0,0.0,0.0,-1567.0,31,31,100.0,1403/02
56322,111111,,0,0.0,0.0,6629.5,31,31,100.0,1403/02
56323,111111,0.99,0,0.0,322.3,1225.43,31,31,100.0,1403/02
56475,541280,,0,0.0,,,0,31,0.0,1403/02
56476,541280,,0,0.0,,,0,31,0.0,1403/02
56520,516377,,0,0.0,,,0,31,0.0,1403/02
56552,516377,,0,0.0,0.0,0.2,31,31,100.0,1403/02
56710,529179,19.32,0,0.0,72.1,205899.5,15,31,48.39,1403/02
57098,514564,9.42,0,0.0,434.7,17969.729,31,31,100.0,1403/02
57187,111111,,0,0.0,,,0,31,0.0,1403/02
57205,514564,,0,0.0,,,0,31,0.0,1403/02
57544,514702,,0,0.0,,,0,31,0.0,1403/02
57584,529179,,0,0.0,,,0,31,0.0,1403/02
57738,514711,,0,0.0,,,0,31,0.0,1403/03
57739,514711,12.57,0,0.0,528.1,24575.3,31,31,100.0,1403/03
57769,514702,,0,0.0,0.0,-47193.9,31,31,100.0,1403/03
57781,222222,,0,0.0,,,0,31,0.0,1403/03
57818,چاه شماره 13,,0,0.0,,,0,31,0.0,1403/03
57849,زندان مرکزی,,0,0.0,0.0,64.388,12,31,38.71,1403/03
57850,زندان مرکزی,4.08,0,0.0,13.8,201.741,31,31,100.0,1403/03
57892,چاه شماره 13,,0,0.0,,,0,31,0.0,1403/03
58395,517048,8.25,0,0.0,313.2,9308.8,31,31,100.0,1403/03
58396,517048,10.93,0,0.0,156.5,6164.46,31,31,100.0,1403/03
58404,222222,6.18,0,0.0,731.5,16276.9,31,31,100.0,1403/03
58467,517227,14.92,0,0.0,588.6,31393.8,31,31,100.0,1403/03
58468,517227,14.71,0,0.0,499.2,26499.6,31,31,100.0,1403/03
58535,111111,6.64,0,0.0,18.3,450.99,31,31,100.0,1403/03
58537,111111,10.37,0,0.0,391.5,14657.5,31,31,100.0,1403/03
58538,111111,8.89,0,0.0,466.9,14821.7,31,31,100.0,1403/03
58539,111111,,0,0.0,0.0,-1567.0,31,31,100.0,1403/03
58540,111111,3.11,0,0.0,550.1,6182.0,31,31,100.0,1403/03
58541,111111,0.89,0,0.0,339.2,950.57,31,31,100.0,1403/03
58693,541280,,0,0.0,,,0,31,0.0,1403/03
58694,541280,,0,0.0,,,0,31,0.0,1403/03
58738,516377,,0,0.0,,,0,31,0.0,1403/03
58770,516377,,0,0.0,0.0,0.3,31,31,100.0,1403/03
58928,529179,17.28,0,0.0,279.1,23019.6,26,31,83.87,1403/03
59316,514564,9.61,0,0.0,565.9,20691.05,31,31,100.0,1403/03
59405,111111,,0,0.0,,,0,31,0.0,1403/03
59423,514564,,0,0.0,,,0,31,0.0,1403/03
59762,514702,,0,0.0,,,0,31,0.0,1403/03
59802,529179,,0,0.0,,,0,31,0.0,1403/03
59956,514711,,0,0.0,,,0,31,0.0,1403/04
59957,514711,12.4,0,0.0,575.0,25649.8,31,31,100.0,1403/04
59987,514702,,0,0.0,0.0,-47193.9,31,31,100.0,1403/04
59999,222222,,0,0.0,,,0,31,0.0,1403/04
60036,چاه شماره 13,,0,0.0,,,0,31,0.0,1403/04
60067,زندان مرکزی,,0,0.0,0.0,0.0,31,31,100.0,1403/04
60068,زندان مرکزی,4.06,0,0.0,12.3,188.469,31,31,100.0,1403/04
60110,چاه شماره 13,,0,0.0,,,0,31,0.0,1403/04
60613,517048,8.19,0,0.0,511.9,15069.1,31,31,100.0,1403/04
60614,517048,10.6,0,0.0,46.4,1774.95,31,31,100.0,1403/04
60622,222222,6.94,0,0.0,741.4,18577.4,31,31,100.0,1403/04
60685,517227,14.51,0,0.0,571.4,29826.8,31,31,100.0,1403/04
60686,517227,14.29,0,0.0,571.7,29414.9,31,31,100.0,1403/04
60753,111111,5.04,0,0.0,23.9,431.68,31,31,100.0,1403/04
60755,111111,10.15,0,0.0,482.8,17514.0,31,31,100.0,1403/04
60756,111111,8.85,0,0.0,557.3,17561.6,31,31,100.0,1403/04
60757,111111,3.16,0,0.0,579.7,6573.8,31,31,100.0,1403/04
60758,111111,3.1,0,0.0,620.9,6935.6,31,31,100.0,1403/04
60759,111111,0.94,0,0.0,182.2,616.19,31,31,100.0,1403/04
60911,541280,,0,0.0,,,0,31,0.0,1403/04
60912,541280,,0,0.0,,,0,31,0.0,1403/04
60956,516377,,0,0.0,,,0,31,0.0,1403/04
60988,516377,,0,0.0,0.0,0.2,31,31,100.0,1403/04
61146,529179,13.92,0,0.0,732.8,36861.6,31,31,100.0,1403/04
61534,514564,11.78,0,0.0,585.3,24857.77,31,31,100.0,1403/04
61623,111111,,0,0.0,,,0,31,0.0,1403/04
61641,514564,,0,0.0,,,0,31,0.0,1403/04
61980,514702,,0,0.0,,,0,31,0.0,1403/04
62020,529179,,0,0.0,,,0,31,0.0,1403/04
62174,514711,,0,0.0,,,0,31,0.0,1403/05
62175,514711,10.42,0,0.0,539.9,21330.3,31,31,100.0,1403/05
62205,514702,,0,0.0,0.0,-47193.9,31,31,100.0,1403/05
62217,222222,,0,0.0,,,0,31,0.0,1403/05
62254,چاه شماره 13,,0,0.0,,,0,31,0.0,1403/05
62285,زندان مرکزی,2.73,0,0.0,312.8,167.64,31,31,100.0,1403/05
62286,زندان مرکزی,3.69,0,0.0,22.5,305.492,31,31,100.0,1403/05
62328,چاه شماره 13,,0,0.0,,,0,31,0.0,1403/05
62831,517048,8.05,0,0.0,543.9,15736.3,31,31,100.0,1403/05
62832,517048,10.45,0,0.0,22.4,846.29,31,31,100.0,1403/05
62840,222222,6.94,0,0.0,741.8,18601.1,31,31,100.0,1403/05
62903,517227,13.83,0,0.0,578.8,28806.1,31,31,100.0,1403/05
62904,517227,13.68,0,0.0,578.2,28504.9,31,31,100.0,1403/05
62971,111111,4.03,0,0.0,17.7,259.66,31,31,100.0,1403/05
62973,111111,9.54,0,0.0,497.5,16417.8,31,31,100.0,1403/05
62974,111111,8.77,0,0.0,545.2,17201.6,31,31,100.0,1403/05
62975,111111,,0,0.0,,,0,31,0.0,1403/05
62976,111111,3.13,0,0.0,628.6,7080.0,31,31,100.0,1403/05
62977,111111,1.1,0,0.0,116.8,477.68,31,31,100.0,1403/05
63129,541280,,0,0.0,,,0,31,0.0,1403/05
63130,541280,,0,0.0,,,0,31,0.0,1403/05
63174,516377,,0,0.0,,,0,31,0.0,1403/05
63206,516377,,0,0.0,0.0,0.3,31,31,100.0,1403/05
63364,529179,8.77,0,0.0,721.4,22918.6,31,31,100.0,1403/05
63752,514564,11.18,0,0.0,587.7,24064.28,31,31,100.0,1403/05
63841,111111,,0,0.0,,,0,31,0.0,1403/05
63859,514564,,0,0.0,,,0,31,0.0,1403/05
64198,514702,,0,0.0,,,0,31,0.0,1403/05
64238,529179,,0,0.0,,,0,31,0.0,1403/05
64392,514711,,0,0.0,,,0,31,0.0,1403/06
64393,514711,8.51,0,0.0,319.4,12278.3,31,31,100.0,1403/06
64423,514702,19.54,0,0.0,726.2,50977.3,31,31,100.0,1403/06
64435,222222,,0,0.0,,,0,31,0.0,1403/06
64472,چاه شماره 13,,0,0.0,,,0,31,0.0,1403/06
64503,زندان مرکزی,2.69,0,0.0,680.3,6572.158,31,31,100.0,1403/06
64504,زندان مرکزی,3.86,0,0.0,14.9,219.654,31,31,100.0,1403/06
64546,چاه شماره 13,13.52,0,0.0,117.3,8451.461,19,31,61.29,1403/06
65049,517048,8.0,0,0.0,520.3,14980.0,31,31,100.0,1403/06
65050,517048,10.4,0,0.0,7.3,275.14,31,31,100.0,1403/06
65058,222222,5.9,0,0.0,714.3,15185.4,31,31,100.0,1403/06
65121,517227,13.32,0,0.0,546.7,26247.5,31,31,100.0,1403/06
65122,517227,13.3,0,0.0,544.7,26072.5,31,31,100.0,1403/06
65189,111111,4.5,0,0.0,22.5,361.48,31,31,100.0,1403/06
65191,111111,9.58,0,0.0,488.3,16522.1,31,31,100.0,1403/06
65192,111111,8.47,0,0.0,601.9,18274.0,31,31,100.0,1403/06
65193,111111,,0,0.0,,,0,31,0.0,1403/06
65194,111111,3.15,0,0.0,633.8,7227.0,31,31,100.0,1403/06
65195,111111,0.91,0,0.0,188.6,620.69,31,31,100.0,1403/06
65347,541280,,0,0.0,,,0,31,0.0,1403/06
65348,541280,,0,0.0,,,0,31,0.0,1403/06
65392,516377,,0,0.0,,,0,31,0.0,1403/06
65424,516377,,0,0.0,0.0,0.3,31,31,100.0,1403/06
65582,529179,7.47,0,0.0,682.9,18791.8,31,31,100.0,1403/06
65970,514564,10.76,0,0.0,538.9,21824.56,31,31,100.0,1403/06
66059,111111,,0,0.0,,,0,31,0.0,1403/06
66077,514564,,0,0.0,,,0,31,0.0,1403/06
66416,514702,,0,0.0,,,0,31,0.0,1403/06
66456,529179,,0,0.0,,,0,31,0.0,1403/06
66610,514711,,0,0.0,,,0,30,0.0,1403/07
66611,514711,8.11,0,0.0,121.8,4428.0,30,30,100.0,1403/07
66641,514702,,0,0.0,,,0,30,0.0,1403/07
66653,222222,,0,0.0,,,0,30,0.0,1403/07
66690,چاه شماره 13,,0,0.0,,,0,30,0.0,1403/07
66721,زندان مرکزی,2.57,0,0.0,626.9,5792.149,30,30,100.0,1403/07
66722,زندان مرکزی,3.97,0,0.0,11.5,163.001,30,30,100.0,1403/07
66764,چاه شماره 13,20.04,0,0.0,409.8,30867.256,30,30,100.0,1403/07
67267,517048,7.97,0,0.0,471.6,13522.8,30,30,100.0,1403/07
67268,517048,10.3,0,0.0,7.3,272.36,30,30,100.0,1403/07
67276,222222,6.16,0,0.0,644.9,14299.4,30,30,100.0,1403/07
67339,517227,12.74,0,0.0,491.9,22555.9,30,30,100.0,1403/07
67340,517227,12.76,0,0.0,494.8,22741.5,30,30,100.0,1403/07
67407,111111,4.73,0,0.0,21.1,345.53,30,30,100.0,1403/07
67409,111111,9.64,0,0.0,442.7,15447.3,30,30,100.0,1403/07
67410,111111,8.5,0,0.0,562.7,17138.8,30,30,100.0,1403/07
67411,111111,,0,0.0,,,0,30,0.0,1403/07
67412,111111,3.09,0,0.0,585.7,6516.3,30,30,100.0,1403/07
67413,111111,0.97,0,0.0,89.4,312.77,30,30,100.0,1403/07
67565,541280,,0,0.0,,,0,30,0.0,1403/07
67566,541280,,0,0.0,,,0,30,0.0,1403/07
67610,516377,,0,0.0,,,0,30,0.0,1403/07
67642,516377,,0,0.0,0.0,0.2,30,30,100.0,1403/07
67800,529179,4.39,0,0.0,574.3,9078.6,30,30,100.0,1403/07
68188,514564,10.94,0,0.0,373.0,15283.2,30,30,100.0,1403/07
68277,111111,,0,0.0,,,0,30,0.0,1403/07
68295,514564,,0,0.0,,,0,30,0.0,1403/07
68634,514702,,0,0.0,,,0,30,0.0,1403/07
68674,529179,,0,0.0,,,0,30,0.0,1403/07
68828,514711,,0,0.0,,,0,30,0.0,1403/08
68829,514711,8.15,0,0.0,35.1,435.3,30,30,100.0,1403/08
68859,514702,,0,0.0,,,0,30,0.0,1403/08
68871,222222,,0,0.0,,,0,30,0.0,1403/08
68908,چاه شماره 13,,0,0.0,,,0,30,0.0,1403/08
68939,زندان مرکزی,2.51,0,0.0,625.7,5683.3,30,30,100.0,1403/08
68940,زندان مرکزی,4.3,0,0.0,1.5,35.931,30,30,100.0,1403/08
68982,چاه شماره 13,20.15,0,0.0,566.9,41118.43,30,30,100.0,1403/08
69485,517048,7.93,0,0.0,261.0,7443.9,30,30,100.0,1403/08
69486,517048,10.36,0,0.0,28.6,1070.13,30,30,100.0,1403/08
69494,222222,5.87,0,0.0,648.9,13708.5,30,30,100.0,1403/08
69557,517227,13.34,0,0.0,148.0,6926.4,30,30,100.0,1403/08
69558,517227,11.39,0,0.0,115.1,5254.8,30,30,100.0,1403/08
69625,111111,4.81,0,0.0,29.1,473.57,30,30,100.0,1403/08
69627,111111,,0,0.0,,,30,30,100.0,1403/08
69628,111111,8.5,0,0.0,502.3,15325.6,30,30,100.0,1403/08
69629,111111,,0,0.0,,,0,30,0.0,1403/08
69630,111111,3.22,0,0.0,594.8,6872.3,30,30,100.0,1403/08
69631,111111,,0,0.0,0.0,0.0,30,30,100.0,1403/08
69783,541280,,0,0.0,,,0,30,0.0,1403/08
69784,541280,,0,0.0,,,0,30,0.0,1403/08
69828,516377,,0,0.0,,,0,30,0.0,1403/08
69860,516377,,0,0.0,0.0,0.2,30,30,100.0,1403/08
70018,529179,6.0,0,0.0,525.0,10669.5,30,30,100.0,1403/08
70406,514564,11.43,0,0.0,239.1,9813.3,30,30,100.0,1403/08
70495,111111,,0,0.0,,,0,30,0.0,1403/08
70513,514564,,0,0.0,,,0,30,0.0,1403/08
70852,514702,,0,0.0,,,0,30,0.0,1403/08
70892,529179,,0,0.0,,,0,30,0.0,1403/08
71046,514711,,0,0.0,,,0,30,0.0,1403/09
71047,514711,,0,0.0,0.0,-1931.8,30,30,100.0,1403/09
71077,514702,,0,0.0,,,0,30,0.0,1403/09
71089,222222,,0,0.0,,,0,30,0.0,1403/09
71126,چاه شماره 13,,0,0.0,,,0,30,0.0,1403/09
71157,زندان مرکزی,2.67,0,0.0,631.6,6061.22,30,30,100.0,1403/09
71158,زندان مرکزی,3.07,0,0.0,0.8,15.373,30,30,100.0,1403/09
71200,چاه شماره 13,20.0,0,0.0,562.3,40493.94,30,30,100.0,1403/09
71703,517048,7.94,0,0.0,270.7,7750.7,30,30,100.0,1403/09
71704,517048,10.38,0,0.0,28.1,1050.3,30,30,100.0,1403/09
71712,222222,5.33,0,0.0,647.1,12407.7,30,30,100.0,1403/09
71775,517227,13.43,0,0.0,71.2,3445.9,30,30,100.0,1403/09
71776,517227,13.27,0,0.0,19.3,920.2,30,30,100.0,1403/09
71843,111111,4.3,0,0.0,21.8,339.72,30,30,100.0,1403/09
71845,111111,,0,0.0,,,30,30,100.0,1403/09
71846,111111,8.5,0,0.0,473.4,14499.8,30,30,100.0,1403/09
71847,111111,,0,0.0,,,0,30,0.0,1403/09
71848,111111,3.17,0,0.0,579.5,6642.2,30,30,100.0,1403/09
71849,111111,1.01,0,0.0,73.0,284.92,30,30,100.0,1403/09
72001,541280,,0,0.0,,,0,30,0.0,1403/09
72002,541280,,0,0.0,,,0,30,0.0,1403/09
72046,516377,,0,0.0,,,0,30,0.0,1403/09
72078,516377,,0,0.0,0.0,0.3,30,30,100.0,1403/09
72236,529179,2.8,0,0.0,83.1,1142.9,12,30,40.0,1403/09
72624,514564,10.85,0,0.0,202.1,8382.7,22,30,73.33,1403/09
72713,111111,,0,0.0,,,0,30,0.0,1403/09
72731,514564,,0,0.0,,,0,30,0.0,1403/09
73070,514702,,0,0.0,,,0,30,0.0,1403/09
73110,529179,,0,0.0,,,0,30,0.0,1403/09
73264,514711,,0,0.0,,,0,30,0.0,1403/10
73265,514711,,0,0.0,0.0,-351.5,30,30,100.0,1403/10
73295,514702,,0,0.0,,,0,30,0.0,1403/10
73307,222222,,0,0.0,,,0,30,0.0,1403/10
73344,چاه شماره 13,,0,0.0,,,0,30,0.0,1403/10
73375,زندان مرکزی,2.65,0,0.0,639.5,6065.31,30,30,100.0,1403/10
73376,زندان مرکزی,2.82,0,0.0,2.7,46.475,30,30,100.0,1403/10
73418,چاه شماره 13,19.67,0,0.0,629.7,44620.0,30,30,100.0,1403/10
73921,517048,7.65,0,0.0,320.4,8811.6,30,30,100.0,1403/10
73922,517048,10.4,0,0.0,35.4,1337.57,30,30,100.0,1403/10
73930,222222,5.06,0,0.0,654.9,11947.7,30,30,100.0,1403/10
73993,517227,11.82,0,0.0,57.1,2671.0,30,30,100.0,1403/10
73994,517227,12.51,0,0.0,9.5,472.1,30,30,100.0,1403/10
74061,111111,6.28,0,0.0,11.7,273.48,30,30,100.0,1403/10
74063,111111,8.77,0,0.0,196.1,27555.4,30,30,100.0,1403/10
74064,111111,8.68,0,0.0,464.9,14105.1,30,30,100.0,1403/10
74065,111111,,0,0.0,,,0,30,0.0,1403/10
74066,111111,3.19,0,0.0,542.0,6236.4,30,30,100.0,1403/10
74067,111111,0.73,0,0.0,133.9,400.25,30,30,100.0,1403/10
74219,541280,,0,0.0,,,0,30,0.0,1403/10
74220,541280,,0,0.0,,,0,30,0.0,1403/10
74264,516377,,0,0.0,,,0,30,0.0,1403/10
74296,516377,,0,0.0,0.0,0.2,30,30,100.0,1403/10
74454,529179,,0,0.0,,,0,30,0.0,1403/10
74842,514564,,0,0.0,,,0,30,0.0,1403/10
74931,111111,,0,0.0,,,0,30,0.0,1403/10
74949,514564,,0,0.0,,,0,30,0.0,1403/10
75288,514702,,0,0.0,,,0,30,0.0,1403/10
75328,529179,,0,0.0,,,0,30,0.0,1403/10
75482,514711,,0,0.0,,,0,30,0.0,1403/11
75483,514711,,0,0.0,0.0,0.0,30,30,100.0,1403/11
75513,514702,,0,0.0,,,0,30,0.0,1403/11
75525,222222,,0,0.0,,,0,30,0.0,1403/11
75562,چاه شماره 13,,0,0.0,,,0,30,0.0,1403/11
75593,زندان مرکزی,3.06,0,0.0,637.4,7008.66,30,30,100.0,1403/11
75594,زندان مرکزی,3.53,0,0.0,5.3,93.09,30,30,100.0,1403/11
75636,چاه شماره 13,19.42,0,0.0,460.4,32165.2,30,30,100.0,1403/11
76139,517048,7.56,0,0.0,301.6,8221.5,30,30,100.0,1403/11
76140,517048,10.3,0,0.0,20.7,767.4,30,30,100.0,1403/11
76148,222222,4.5,0,0.0,645.2,10454.1,30,30,100.0,1403/11
76211,517227,13.42,0,0.0,132.4,6329.8,30,30,100.0,1403/11
76212,517227,,0,0.0,0.0,14.5,30,30,100.0,1403/11
76279,111111,6.11,0,0.0,15.4,338.02,30,30,100.0,1403/11
76281,111111,8.15,0,0.0,159.3,4663.6,30,30,100.0,1403/11
76282,111111,8.25,0,0.0,321.1,9436.0,30,30,100.0,1403/11
76283,111111,,0,0.0,,,0,30,0.0,1403/11
76284,111111,,0,0.0,,,4,30,13.33,1403/11
76285,111111,,0,0.0,,,0,30,0.0,1403/11
76437,541280,,0,0.0,,,0,30,0.0,1403/11
76438,541280,,0,0.0,0.0,0.0,4,30,13.33,1403/11
76482,516377,,0,0.0,,,0,30,0.0,1403/11
76514,516377,29.2,0,0.0,0.0,0.3,30,30,100.0,1403/11
76672,529179,,0,0.0,,,0,30,0.0,1403/11
77060,514564,,0,0.0,,,0,30,0.0,1403/11
77149,111111,,0,0.0,,,0,30,0.0,1403/11
77167,514564,,0,0.0,,,0,30,0.0,1403/11
77506,514702,,0,0.0,,,0,30,0.0,1403/11
77546,529179,,0,0.0,,,0,30,0.0,1403/11
77700,514711,,0,0.0,,,0,30,0.0,1403/12
77701,514711,18.93,0,0.0,42.8,2903.0,30,30,100.0,1403/12
77731,514702,,0,0.0,,,0,30,0.0,1403/12
77743,222222,,0,0.0,,,0,30,0.0,1403/12
77780,چاه شماره 13,,0,0.0,,,0,30,0.0,1403/12
77811,زندان مرکزی,2.98,0,0.0,683.5,7350.93,30,30,100.0,1403/12
77812,زندان مرکزی,1.4,0,0.0,0.0,12.419,13,30,43.33,1403/12
77854,چاه شماره 13,19.36,0,0.0,305.2,21279.0,21,30,70.0,1403/12
78357,517048,7.53,0,0.0,181.7,4934.1,30,30,100.0,1403/12
78358,517048,,0,0.0,,,0,30,0.0,1403/12
78366,222222,4.51,0,0.0,646.9,10506.9,30,30,100.0,1403/12
78429,517227,13.1,0,0.0,222.1,10551.7,30,30,100.0,1403/12
78430,517227,2.98,0,0.0,143.6,725.2,30,30,100.0,1403/12
78497,111111,4.33,0,0.0,26.2,382.0,30,30,100.0,1403/12
78499,111111,9.94,0,0.0,354.3,12681.4,30,30,100.0,1403/12
78500,111111,5.93,0,0.0,480.4,9962.4,30,30,100.0,1403/12
78501,111111,,0,0.0,,,0,30,0.0,1403/12
78502,111111,,0,0.0,,,0,30,0.0,1403/12
78503,111111,,0,0.0,,,0,30,0.0,1403/12
78655,541280,,0,0.0,,,0,30,0.0,1403/12
78656,541280,20.48,0,0.0,257.8,18979.117,30,30,100.0,1403/12
78700,516377,,0,0.0,,,0,30,0.0,1403/12
78732,516377,21.65,0,0.0,469.7,38007.618,30,30,100.0,1403/12
78890,529179,,0,0.0,,,0,30,0.0,1403/12
79278,514564,,0,0.0,,,0,30,0.0,1403/12
79367,111111,,0,0.0,,,0,30,0.0,1403/12
79385,514564,,0,0.0,,,0,30,0.0,1403/12
79724,514702,,0,0.0,,,0,30,0.0,1403/12
79764,529179,,0,0.0,,,0,30,0.0,1403/12
